{
  "r2_train": 0.7430723904574197,
  "r2_test": 0.6508455133226088,
  "rmse_train": 0.6041856288440806,
  "rmse_test": 0.6986472496905481,
  "n_train": 2654,
  "n_test": 663
}