{
  "rmse_test": 0.627935528755188,
  "r2_test": 0.7179463126662224,
  "n_train": 2654,
  "n_test": 663
}