{
  "r2_train": 0.6009707687775983,
  "r2_test": 0.4517219074572676,
  "rmse_train": 0.5678583851358444,
  "rmse_test": 0.6790039543501301,
  "n_train": 2019,
  "n_test": 505
}