{
  "r2_train": 0.6127922272756321,
  "r2_test": 0.38726479245281087,
  "rmse_train": 0.5628114696780486,
  "rmse_test": 0.704650739020871,
  "n_train": 2020,
  "n_test": 504
}